105047169007880268|BC9-1||INFO|Id=105047169007880268|Name=BC9-1|State=IDLE|WorldPosition=(-37909.5891937253, -39172.1258130097, -28348.158267899)|WorldVelocity=(0, 0, 0)|WorldAcceleration=(0, 0, 0)|HydrogenLiters=1500000|PowerMegawatts=1|HydrogenCapacity=1|PowerCapacity=1|CargoLevel=0|JobSite=(0, 0, 0)|JobPlane=(0, 0, 0, 0)|1781389281159
105047169007880268|BC9-1||INFO|Id=105047169007880268|Name=BC9-1|State=IDLE|WorldPosition=(-37909.5891937253, -39172.1258130097, -28348.158267899)|WorldVelocity=(0, 0, 0)|WorldAcceleration=(0, 0, 0)|HydrogenLiters=1500000|PowerMegawatts=1|HydrogenCapacity=1|PowerCapacity=1|CargoLevel=0|JobSite=(0, 0, 0)|JobPlane=(0, 0, 0, 0)|1781389281159
105047169007880268|BC9-1||INFO|Id=105047169007880268|Name=BC9-1|State=IDLE|WorldPosition=(-37909.5891937253, -39172.1258130097, -28348.158267899)|WorldVelocity=(0, 0, 0)|WorldAcceleration=(0, 0, 0)|HydrogenLiters=1500000|PowerMegawatts=1|HydrogenCapacity=1|PowerCapacity=1|CargoLevel=0|JobSite=(0, 0, 0)|JobPlane=(0, 0, 0, 0)|1781389281159
105047169007880268|BC9-1||INFO|Id=105047169007880268|Name=BC9-1|State=IDLE|WorldPosition=(-37909.5891937253, -39172.1258130097, -28348.158267899)|WorldVelocity=(0, 0, 0)|WorldAcceleration=(0, 0, 0)|HydrogenLiters=1500000|PowerMegawatts=1|HydrogenCapacity=1|PowerCapacity=1|CargoLevel=0|JobSite=(0, 0, 0)|JobPlane=(0, 0, 0, 0)|1781389281159
105047169007880268|BC9-1||INFO|Id=105047169007880268|Name=BC9-1|State=IDLE|WorldPosition=(-37909.5891937253, -39172.1258130097, -28348.158267899)|WorldVelocity=(0, 0, 0)|WorldAcceleration=(0, 0, 0)|HydrogenLiters=1500000|PowerMegawatts=1|HydrogenCapacity=1|PowerCapacity=1|CargoLevel=0|JobSite=(0, 0, 0)|JobPlane=(0, 0, 0, 0)|1781389281159
105047169007880268|BC9-1||INFO|Id=105047169007880268|Name=BC9-1|State=IDLE|WorldPosition=(-37909.5891937253, -39172.1258130097, -28348.158267899)|WorldVelocity=(0, 0, 0)|WorldAcceleration=(0, 0, 0)|HydrogenLiters=1500000|PowerMegawatts=1|HydrogenCapacity=1|PowerCapacity=1|CargoLevel=0|JobSite=(0, 0, 0)|JobPlane=(0, 0, 0, 0)|1781389281159
105047169007880268|BC9-1||INFO|Id=105047169007880268|Name=BC9-1|State=IDLE|WorldPosition=(-37909.5891937253, -39172.1258130097, -28348.158267899)|WorldVelocity=(0, 0, 0)|WorldAcceleration=(0, 0, 0)|HydrogenLiters=1500000|PowerMegawatts=1|HydrogenCapacity=1|PowerCapacity=1|CargoLevel=0|JobSite=(0, 0, 0)|JobPlane=(0, 0, 0, 0)|1781389281766
105047169007880268|BC9-1||INFO|Id=105047169007880268|Name=BC9-1|State=IDLE|WorldPosition=(-37909.5891937253, -39172.1258130097, -28348.158267899)|WorldVelocity=(0, 0, 0)|WorldAcceleration=(0, 0, 0)|HydrogenLiters=1500000|PowerMegawatts=1|HydrogenCapacity=1|PowerCapacity=1|CargoLevel=0|JobSite=(0, 0, 0)|JobPlane=(0, 0, 0, 0)|1781389281766
105047169007880268|BC9-1||INFO|Id=105047169007880268|Name=BC9-1|State=IDLE|WorldPosition=(-37909.5891937253, -39172.1258130097, -28348.158267899)|WorldVelocity=(0, 0, 0)|WorldAcceleration=(0, 0, 0)|HydrogenLiters=1500000|PowerMegawatts=1|HydrogenCapacity=1|PowerCapacity=1|CargoLevel=0|JobSite=(0, 0, 0)|JobPlane=(0, 0, 0, 0)|1781389281766
105047169007880268|BC9-1||INFO|Id=105047169007880268|Name=BC9-1|State=IDLE|WorldPosition=(-37909.5891937253, -39172.1258130097, -28348.158267899)|WorldVelocity=(0, 0, 0)|WorldAcceleration=(0, 0, 0)|HydrogenLiters=1500000|PowerMegawatts=1|HydrogenCapacity=1|PowerCapacity=1|CargoLevel=0|JobSite=(0, 0, 0)|JobPlane=(0, 0, 0, 0)|1781389281766
105047169007880268|BC9-1||INFO|Id=105047169007880268|Name=BC9-1|State=IDLE|WorldPosition=(-37909.5891937253, -39172.1258130097, -28348.158267899)|WorldVelocity=(0, 0, 0)|WorldAcceleration=(0, 0, 0)|HydrogenLiters=1500000|PowerMegawatts=1|HydrogenCapacity=1|PowerCapacity=1|CargoLevel=0|JobSite=(0, 0, 0)|JobPlane=(0, 0, 0, 0)|1781389283429
105047169007880268|BC9-1||INFO|Id=105047169007880268|Name=BC9-1|State=IDLE|WorldPosition=(-37909.5891937253, -39172.1258130097, -28348.158267899)|WorldVelocity=(0, 0, 0)|WorldAcceleration=(0, 0, 0)|HydrogenLiters=1500000|PowerMegawatts=1|HydrogenCapacity=1|PowerCapacity=1|CargoLevel=0|JobSite=(0, 0, 0)|JobPlane=(0, 0, 0, 0)|1781389283429
105047169007880268|BC9-1||INFO|Id=105047169007880268|Name=BC9-1|State=IDLE|WorldPosition=(-37909.5891937253, -39172.1258130097, -28348.158267899)|WorldVelocity=(0, 0, 0)|WorldAcceleration=(0, 0, 0)|HydrogenLiters=1500000|PowerMegawatts=1|HydrogenCapacity=1|PowerCapacity=1|CargoLevel=0|JobSite=(0, 0, 0)|JobPlane=(0, 0, 0, 0)|1781389283429
105047169007880268|BC9-1||INFO|Id=105047169007880268|Name=BC9-1|State=IDLE|WorldPosition=(-37909.5891937253, -39172.1258130097, -28348.158267899)|WorldVelocity=(0, 0, 0)|WorldAcceleration=(0, 0, 0)|HydrogenLiters=1500000|PowerMegawatts=1|HydrogenCapacity=1|PowerCapacity=1|CargoLevel=0|JobSite=(0, 0, 0)|JobPlane=(0, 0, 0, 0)|1781389283429
105047169007880268|BC9-1||INFO|Id=105047169007880268|Name=BC9-1|State=IDLE|WorldPosition=(-37909.5891937253, -39172.1258130097, -28348.158267899)|WorldVelocity=(0, 0, 0)|WorldAcceleration=(0, 0, 0)|HydrogenLiters=1500000|PowerMegawatts=1|HydrogenCapacity=1|PowerCapacity=1|CargoLevel=0|JobSite=(0, 0, 0)|JobPlane=(0, 0, 0, 0)|1781389283429
105047169007880268|BC9-1||INFO|Id=105047169007880268|Name=BC9-1|State=IDLE|WorldPosition=(-37909.5891937253, -39172.1258130097, -28348.158267899)|WorldVelocity=(0, 0, 0)|WorldAcceleration=(0, 0, 0)|HydrogenLiters=1500000|PowerMegawatts=1|HydrogenCapacity=1|PowerCapacity=1|CargoLevel=0|JobSite=(0, 0, 0)|JobPlane=(0, 0, 0, 0)|1781389283429
105047169007880268|BC9-1||INFO|Id=105047169007880268|Name=BC9-1|State=IDLE|WorldPosition=(-37909.5891937253, -39172.1258130097, -28348.158267899)|WorldVelocity=(0, 0, 0)|WorldAcceleration=(0, 0, 0)|HydrogenLiters=1500000|PowerMegawatts=1|HydrogenCapacity=1|PowerCapacity=1|CargoLevel=0|JobSite=(0, 0, 0)|JobPlane=(0, 0, 0, 0)|1781389283429
105047169007880268|BC9-1||INFO|Id=105047169007880268|Name=BC9-1|State=IDLE|WorldPosition=(-37909.5891937253, -39172.1258130097, -28348.158267899)|WorldVelocity=(0, 0, 0)|WorldAcceleration=(0, 0, 0)|HydrogenLiters=1500000|PowerMegawatts=1|HydrogenCapacity=1|PowerCapacity=1|CargoLevel=0|JobSite=(0, 0, 0)|JobPlane=(0, 0, 0, 0)|1781389283429
105047169007880268|BC9-1||INFO|Id=105047169007880268|Name=BC9-1|State=IDLE|WorldPosition=(-37909.5891937253, -39172.1258130097, -28348.158267899)|WorldVelocity=(0, 0, 0)|WorldAcceleration=(0, 0, 0)|HydrogenLiters=1500000|PowerMegawatts=1|HydrogenCapacity=1|PowerCapacity=1|CargoLevel=0|JobSite=(0, 0, 0)|JobPlane=(0, 0, 0, 0)|1781389283429
105047169007880268|BC9-1||INFO|Id=105047169007880268|Name=BC9-1|State=IDLE|WorldPosition=(-37909.5891937253, -39172.1258130097, -28348.158267899)|WorldVelocity=(0, 0, 0)|WorldAcceleration=(0, 0, 0)|HydrogenLiters=1500000|PowerMegawatts=1|HydrogenCapacity=1|PowerCapacity=1|CargoLevel=0|JobSite=(0, 0, 0)|JobPlane=(0, 0, 0, 0)|1781389283429
105047169007880268|BC9-1||INFO|Id=105047169007880268|Name=BC9-1|State=IDLE|WorldPosition=(-37909.5891937253, -39172.1258130097, -28348.158267899)|WorldVelocity=(0, 0, 0)|WorldAcceleration=(0, 0, 0)|HydrogenLiters=1500000|PowerMegawatts=1|HydrogenCapacity=1|PowerCapacity=1|CargoLevel=0|JobSite=(0, 0, 0)|JobPlane=(0, 0, 0, 0)|1781389285093
105047169007880268|BC9-1||INFO|Id=105047169007880268|Name=BC9-1|State=IDLE|WorldPosition=(-37909.5891937253, -39172.1258130097, -28348.158267899)|WorldVelocity=(0, 0, 0)|WorldAcceleration=(0, 0, 0)|HydrogenLiters=1500000|PowerMegawatts=1|HydrogenCapacity=1|PowerCapacity=1|CargoLevel=0|JobSite=(0, 0, 0)|JobPlane=(0, 0, 0, 0)|1781389285093
105047169007880268|BC9-1||INFO|Id=105047169007880268|Name=BC9-1|State=IDLE|WorldPosition=(-37909.5891937253, -39172.1258130097, -28348.158267899)|WorldVelocity=(0, 0, 0)|WorldAcceleration=(0, 0, 0)|HydrogenLiters=1500000|PowerMegawatts=1|HydrogenCapacity=1|PowerCapacity=1|CargoLevel=0|JobSite=(0, 0, 0)|JobPlane=(0, 0, 0, 0)|1781389285093
105047169007880268|BC9-1||INFO|Id=105047169007880268|Name=BC9-1|State=IDLE|WorldPosition=(-37909.5891937253, -39172.1258130097, -28348.158267899)|WorldVelocity=(0, 0, 0)|WorldAcceleration=(0, 0, 0)|HydrogenLiters=1500000|PowerMegawatts=1|HydrogenCapacity=1|PowerCapacity=1|CargoLevel=0|JobSite=(0, 0, 0)|JobPlane=(0, 0, 0, 0)|1781389285093
105047169007880268|BC9-1||INFO|Id=105047169007880268|Name=BC9-1|State=IDLE|WorldPosition=(-37909.5891937253, -39172.1258130097, -28348.158267899)|WorldVelocity=(0, 0, 0)|WorldAcceleration=(0, 0, 0)|HydrogenLiters=1500000|PowerMegawatts=1|HydrogenCapacity=1|PowerCapacity=1|CargoLevel=0|JobSite=(0, 0, 0)|JobPlane=(0, 0, 0, 0)|1781389285093
105047169007880268|BC9-1||INFO|Id=105047169007880268|Name=BC9-1|State=IDLE|WorldPosition=(-37909.5891937253, -39172.1258130097, -28348.158267899)|WorldVelocity=(0, 0, 0)|WorldAcceleration=(0, 0, 0)|HydrogenLiters=1500000|PowerMegawatts=1|HydrogenCapacity=1|PowerCapacity=1|CargoLevel=0|JobSite=(0, 0, 0)|JobPlane=(0, 0, 0, 0)|1781389285093
105047169007880268|BC9-1||INFO|Id=105047169007880268|Name=BC9-1|State=IDLE|WorldPosition=(-37909.5891937253, -39172.1258130097, -28348.158267899)|WorldVelocity=(0, 0, 0)|WorldAcceleration=(0, 0, 0)|HydrogenLiters=1500000|PowerMegawatts=1|HydrogenCapacity=1|PowerCapacity=1|CargoLevel=0|JobSite=(0, 0, 0)|JobPlane=(0, 0, 0, 0)|1781389285093
105047169007880268|BC9-1||INFO|Id=105047169007880268|Name=BC9-1|State=IDLE|WorldPosition=(-37909.5891937253, -39172.1258130097, -28348.158267899)|WorldVelocity=(0, 0, 0)|WorldAcceleration=(0, 0, 0)|HydrogenLiters=1500000|PowerMegawatts=1|HydrogenCapacity=1|PowerCapacity=1|CargoLevel=0|JobSite=(0, 0, 0)|JobPlane=(0, 0, 0, 0)|1781389285093
105047169007880268|BC9-1||INFO|Id=105047169007880268|Name=BC9-1|State=IDLE|WorldPosition=(-37909.5891937253, -39172.1258130097, -28348.158267899)|WorldVelocity=(0, 0, 0)|WorldAcceleration=(0, 0, 0)|HydrogenLiters=1500000|PowerMegawatts=1|HydrogenCapacity=1|PowerCapacity=1|CargoLevel=0|JobSite=(0, 0, 0)|JobPlane=(0, 0, 0, 0)|1781389285093
105047169007880268|BC9-1||INFO|Id=105047169007880268|Name=BC9-1|State=IDLE|WorldPosition=(-37909.5891937253, -39172.1258130097, -28348.158267899)|WorldVelocity=(0, 0, 0)|WorldAcceleration=(0, 0, 0)|HydrogenLiters=1500000|PowerMegawatts=1|HydrogenCapacity=1|PowerCapacity=1|CargoLevel=0|JobSite=(0, 0, 0)|JobPlane=(0, 0, 0, 0)|1781389285093
105047169007880268|BC9-1||INFO|Id=105047169007880268|Name=BC9-1|State=IDLE|WorldPosition=(-37909.5891937253, -39172.1258130097, -28348.158267899)|WorldVelocity=(0, 0, 0)|WorldAcceleration=(0, 0, 0)|HydrogenLiters=1500000|PowerMegawatts=1|HydrogenCapacity=1|PowerCapacity=1|CargoLevel=0|JobSite=(0, 0, 0)|JobPlane=(0, 0, 0, 0)|1781389286761
105047169007880268|BC9-1||INFO|Id=105047169007880268|Name=BC9-1|State=IDLE|WorldPosition=(-37909.5891937253, -39172.1258130097, -28348.158267899)|WorldVelocity=(0, 0, 0)|WorldAcceleration=(0, 0, 0)|HydrogenLiters=1500000|PowerMegawatts=1|HydrogenCapacity=1|PowerCapacity=1|CargoLevel=0|JobSite=(0, 0, 0)|JobPlane=(0, 0, 0, 0)|1781389286761
105047169007880268|BC9-1||INFO|Id=105047169007880268|Name=BC9-1|State=IDLE|WorldPosition=(-37909.5891937253, -39172.1258130097, -28348.158267899)|WorldVelocity=(0, 0, 0)|WorldAcceleration=(0, 0, 0)|HydrogenLiters=1500000|PowerMegawatts=1|HydrogenCapacity=1|PowerCapacity=1|CargoLevel=0|JobSite=(0, 0, 0)|JobPlane=(0, 0, 0, 0)|1781389286761
105047169007880268|BC9-1||INFO|Id=105047169007880268|Name=BC9-1|State=IDLE|WorldPosition=(-37909.5891937253, -39172.1258130097, -28348.158267899)|WorldVelocity=(0, 0, 0)|WorldAcceleration=(0, 0, 0)|HydrogenLiters=1500000|PowerMegawatts=1|HydrogenCapacity=1|PowerCapacity=1|CargoLevel=0|JobSite=(0, 0, 0)|JobPlane=(0, 0, 0, 0)|1781389286761
105047169007880268|BC9-1||INFO|Id=105047169007880268|Name=BC9-1|State=IDLE|WorldPosition=(-37909.5891937253, -39172.1258130097, -28348.158267899)|WorldVelocity=(0, 0, 0)|WorldAcceleration=(0, 0, 0)|HydrogenLiters=1500000|PowerMegawatts=1|HydrogenCapacity=1|PowerCapacity=1|CargoLevel=0|JobSite=(0, 0, 0)|JobPlane=(0, 0, 0, 0)|1781389286761
105047169007880268|BC9-1||INFO|Id=105047169007880268|Name=BC9-1|State=IDLE|WorldPosition=(-37909.5891937253, -39172.1258130097, -28348.158267899)|WorldVelocity=(0, 0, 0)|WorldAcceleration=(0, 0, 0)|HydrogenLiters=1500000|PowerMegawatts=1|HydrogenCapacity=1|PowerCapacity=1|CargoLevel=0|JobSite=(0, 0, 0)|JobPlane=(0, 0, 0, 0)|1781389286761
105047169007880268|BC9-1||INFO|Id=105047169007880268|Name=BC9-1|State=IDLE|WorldPosition=(-37909.5891937253, -39172.1258130097, -28348.158267899)|WorldVelocity=(0, 0, 0)|WorldAcceleration=(0, 0, 0)|HydrogenLiters=1500000|PowerMegawatts=1|HydrogenCapacity=1|PowerCapacity=1|CargoLevel=0|JobSite=(0, 0, 0)|JobPlane=(0, 0, 0, 0)|1781389286761
105047169007880268|BC9-1||INFO|Id=105047169007880268|Name=BC9-1|State=IDLE|WorldPosition=(-37909.5891937253, -39172.1258130097, -28348.158267899)|WorldVelocity=(0, 0, 0)|WorldAcceleration=(0, 0, 0)|HydrogenLiters=1500000|PowerMegawatts=1|HydrogenCapacity=1|PowerCapacity=1|CargoLevel=0|JobSite=(0, 0, 0)|JobPlane=(0, 0, 0, 0)|1781389286761
105047169007880268|BC9-1||INFO|Id=105047169007880268|Name=BC9-1|State=IDLE|WorldPosition=(-37909.5891937253, -39172.1258130097, -28348.158267899)|WorldVelocity=(0, 0, 0)|WorldAcceleration=(0, 0, 0)|HydrogenLiters=1500000|PowerMegawatts=1|HydrogenCapacity=1|PowerCapacity=1|CargoLevel=0|JobSite=(0, 0, 0)|JobPlane=(0, 0, 0, 0)|1781389286761
105047169007880268|BC9-1||INFO|Id=105047169007880268|Name=BC9-1|State=IDLE|WorldPosition=(-37909.5891937253, -39172.1258130097, -28348.158267899)|WorldVelocity=(0, 0, 0)|WorldAcceleration=(0, 0, 0)|HydrogenLiters=1500000|PowerMegawatts=1|HydrogenCapacity=1|PowerCapacity=1|CargoLevel=0|JobSite=(0, 0, 0)|JobPlane=(0, 0, 0, 0)|1781389286761
105047169007880268|BC9-1||INFO|Id=105047169007880268|Name=BC9-1|State=IDLE|WorldPosition=(-37909.5891937253, -39172.1258130097, -28348.158267899)|WorldVelocity=(0, 0, 0)|WorldAcceleration=(0, 0, 0)|HydrogenLiters=1500000|PowerMegawatts=1|HydrogenCapacity=1|PowerCapacity=1|CargoLevel=0|JobSite=(0, 0, 0)|JobPlane=(0, 0, 0, 0)|1781389288427
105047169007880268|BC9-1||INFO|Id=105047169007880268|Name=BC9-1|State=IDLE|WorldPosition=(-37909.5891937253, -39172.1258130097, -28348.158267899)|WorldVelocity=(0, 0, 0)|WorldAcceleration=(0, 0, 0)|HydrogenLiters=1500000|PowerMegawatts=1|HydrogenCapacity=1|PowerCapacity=1|CargoLevel=0|JobSite=(0, 0, 0)|JobPlane=(0, 0, 0, 0)|1781389288427
105047169007880268|BC9-1||INFO|Id=105047169007880268|Name=BC9-1|State=IDLE|WorldPosition=(-37909.5891937253, -39172.1258130097, -28348.158267899)|WorldVelocity=(0, 0, 0)|WorldAcceleration=(0, 0, 0)|HydrogenLiters=1500000|PowerMegawatts=1|HydrogenCapacity=1|PowerCapacity=1|CargoLevel=0|JobSite=(0, 0, 0)|JobPlane=(0, 0, 0, 0)|1781389288427
105047169007880268|BC9-1||INFO|Id=105047169007880268|Name=BC9-1|State=IDLE|WorldPosition=(-37909.5891937253, -39172.1258130097, -28348.158267899)|WorldVelocity=(0, 0, 0)|WorldAcceleration=(0, 0, 0)|HydrogenLiters=1500000|PowerMegawatts=1|HydrogenCapacity=1|PowerCapacity=1|CargoLevel=0|JobSite=(0, 0, 0)|JobPlane=(0, 0, 0, 0)|1781389288427
105047169007880268|BC9-1||INFO|Id=105047169007880268|Name=BC9-1|State=IDLE|WorldPosition=(-37909.5891937253, -39172.1258130097, -28348.158267899)|WorldVelocity=(0, 0, 0)|WorldAcceleration=(0, 0, 0)|HydrogenLiters=1500000|PowerMegawatts=1|HydrogenCapacity=1|PowerCapacity=1|CargoLevel=0|JobSite=(0, 0, 0)|JobPlane=(0, 0, 0, 0)|1781389288427
105047169007880268|BC9-1||INFO|Id=105047169007880268|Name=BC9-1|State=IDLE|WorldPosition=(-37909.5891937253, -39172.1258130097, -28348.158267899)|WorldVelocity=(0, 0, 0)|WorldAcceleration=(0, 0, 0)|HydrogenLiters=1500000|PowerMegawatts=1|HydrogenCapacity=1|PowerCapacity=1|CargoLevel=0|JobSite=(0, 0, 0)|JobPlane=(0, 0, 0, 0)|1781389288427
105047169007880268|BC9-1||INFO|Id=105047169007880268|Name=BC9-1|State=IDLE|WorldPosition=(-37909.5891937253, -39172.1258130097, -28348.158267899)|WorldVelocity=(0, 0, 0)|WorldAcceleration=(0, 0, 0)|HydrogenLiters=1500000|PowerMegawatts=1|HydrogenCapacity=1|PowerCapacity=1|CargoLevel=0|JobSite=(0, 0, 0)|JobPlane=(0, 0, 0, 0)|1781389288427
105047169007880268|BC9-1||INFO|Id=105047169007880268|Name=BC9-1|State=IDLE|WorldPosition=(-37909.5891937253, -39172.1258130097, -28348.158267899)|WorldVelocity=(0, 0, 0)|WorldAcceleration=(0, 0, 0)|HydrogenLiters=1500000|PowerMegawatts=1|HydrogenCapacity=1|PowerCapacity=1|CargoLevel=0|JobSite=(0, 0, 0)|JobPlane=(0, 0, 0, 0)|1781389288427
105047169007880268|BC9-1||INFO|Id=105047169007880268|Name=BC9-1|State=IDLE|WorldPosition=(-37909.5891937253, -39172.1258130097, -28348.158267899)|WorldVelocity=(0, 0, 0)|WorldAcceleration=(0, 0, 0)|HydrogenLiters=1500000|PowerMegawatts=1|HydrogenCapacity=1|PowerCapacity=1|CargoLevel=0|JobSite=(0, 0, 0)|JobPlane=(0, 0, 0, 0)|1781389288427
105047169007880268|BC9-1||INFO|Id=105047169007880268|Name=BC9-1|State=IDLE|WorldPosition=(-37909.5891937253, -39172.1258130097, -28348.158267899)|WorldVelocity=(0, 0, 0)|WorldAcceleration=(0, 0, 0)|HydrogenLiters=1500000|PowerMegawatts=1|HydrogenCapacity=1|PowerCapacity=1|CargoLevel=0|JobSite=(0, 0, 0)|JobPlane=(0, 0, 0, 0)|1781389288427
105047169007880268|BC9-1||INFO|Id=105047169007880268|Name=BC9-1|State=IDLE|WorldPosition=(-37909.5891937253, -39172.1258130097, -28348.158267899)|WorldVelocity=(0, 0, 0)|WorldAcceleration=(0, 0, 0)|HydrogenLiters=1500000|PowerMegawatts=1|HydrogenCapacity=1|PowerCapacity=1|CargoLevel=0|JobSite=(0, 0, 0)|JobPlane=(0, 0, 0, 0)|1781389290095
105047169007880268|BC9-1||INFO|Id=105047169007880268|Name=BC9-1|State=IDLE|WorldPosition=(-37909.5891937253, -39172.1258130097, -28348.158267899)|WorldVelocity=(0, 0, 0)|WorldAcceleration=(0, 0, 0)|HydrogenLiters=1500000|PowerMegawatts=1|HydrogenCapacity=1|PowerCapacity=1|CargoLevel=0|JobSite=(0, 0, 0)|JobPlane=(0, 0, 0, 0)|1781389290095
105047169007880268|BC9-1||INFO|Id=105047169007880268|Name=BC9-1|State=IDLE|WorldPosition=(-37909.5891937253, -39172.1258130097, -28348.158267899)|WorldVelocity=(0, 0, 0)|WorldAcceleration=(0, 0, 0)|HydrogenLiters=1500000|PowerMegawatts=1|HydrogenCapacity=1|PowerCapacity=1|CargoLevel=0|JobSite=(0, 0, 0)|JobPlane=(0, 0, 0, 0)|1781389290095
105047169007880268|BC9-1||INFO|Id=105047169007880268|Name=BC9-1|State=IDLE|WorldPosition=(-37909.5891937253, -39172.1258130097, -28348.158267899)|WorldVelocity=(0, 0, 0)|WorldAcceleration=(0, 0, 0)|HydrogenLiters=1500000|PowerMegawatts=1|HydrogenCapacity=1|PowerCapacity=1|CargoLevel=0|JobSite=(0, 0, 0)|JobPlane=(0, 0, 0, 0)|1781389290095
105047169007880268|BC9-1||INFO|Id=105047169007880268|Name=BC9-1|State=IDLE|WorldPosition=(-37909.5891937253, -39172.1258130097, -28348.158267899)|WorldVelocity=(0, 0, 0)|WorldAcceleration=(0, 0, 0)|HydrogenLiters=1500000|PowerMegawatts=1|HydrogenCapacity=1|PowerCapacity=1|CargoLevel=0|JobSite=(0, 0, 0)|JobPlane=(0, 0, 0, 0)|1781389290095
105047169007880268|BC9-1||INFO|Id=105047169007880268|Name=BC9-1|State=IDLE|WorldPosition=(-37909.5891937253, -39172.1258130097, -28348.158267899)|WorldVelocity=(0, 0, 0)|WorldAcceleration=(0, 0, 0)|HydrogenLiters=1500000|PowerMegawatts=1|HydrogenCapacity=1|PowerCapacity=1|CargoLevel=0|JobSite=(0, 0, 0)|JobPlane=(0, 0, 0, 0)|1781389290095
105047169007880268|BC9-1||INFO|Id=105047169007880268|Name=BC9-1|State=IDLE|WorldPosition=(-37909.5891937253, -39172.1258130097, -28348.158267899)|WorldVelocity=(0, 0, 0)|WorldAcceleration=(0, 0, 0)|HydrogenLiters=1500000|PowerMegawatts=1|HydrogenCapacity=1|PowerCapacity=1|CargoLevel=0|JobSite=(0, 0, 0)|JobPlane=(0, 0, 0, 0)|1781389290095
105047169007880268|BC9-1||INFO|Id=105047169007880268|Name=BC9-1|State=IDLE|WorldPosition=(-37909.5891937253, -39172.1258130097, -28348.158267899)|WorldVelocity=(0, 0, 0)|WorldAcceleration=(0, 0, 0)|HydrogenLiters=1500000|PowerMegawatts=1|HydrogenCapacity=1|PowerCapacity=1|CargoLevel=0|JobSite=(0, 0, 0)|JobPlane=(0, 0, 0, 0)|1781389290095
105047169007880268|BC9-1||INFO|Id=105047169007880268|Name=BC9-1|State=IDLE|WorldPosition=(-37909.5891937253, -39172.1258130097, -28348.158267899)|WorldVelocity=(0, 0, 0)|WorldAcceleration=(0, 0, 0)|HydrogenLiters=1500000|PowerMegawatts=1|HydrogenCapacity=1|PowerCapacity=1|CargoLevel=0|JobSite=(0, 0, 0)|JobPlane=(0, 0, 0, 0)|1781389290095
105047169007880268|BC9-1||INFO|Id=105047169007880268|Name=BC9-1|State=IDLE|WorldPosition=(-37909.5891937253, -39172.1258130097, -28348.158267899)|WorldVelocity=(0, 0, 0)|WorldAcceleration=(0, 0, 0)|HydrogenLiters=1500000|PowerMegawatts=1|HydrogenCapacity=1|PowerCapacity=1|CargoLevel=0|JobSite=(0, 0, 0)|JobPlane=(0, 0, 0, 0)|1781389290095
105047169007880268|BC9-1||INFO|Id=105047169007880268|Name=BC9-1|State=IDLE|WorldPosition=(-37909.5891937253, -39172.1258130097, -28348.158267899)|WorldVelocity=(0, 0, 0)|WorldAcceleration=(0, 0, 0)|HydrogenLiters=1500000|PowerMegawatts=1|HydrogenCapacity=1|PowerCapacity=1|CargoLevel=0|JobSite=(0, 0, 0)|JobPlane=(0, 0, 0, 0)|1781389291761
105047169007880268|BC9-1||INFO|Id=105047169007880268|Name=BC9-1|State=IDLE|WorldPosition=(-37909.5891937253, -39172.1258130097, -28348.158267899)|WorldVelocity=(0, 0, 0)|WorldAcceleration=(0, 0, 0)|HydrogenLiters=1500000|PowerMegawatts=1|HydrogenCapacity=1|PowerCapacity=1|CargoLevel=0|JobSite=(0, 0, 0)|JobPlane=(0, 0, 0, 0)|1781389291761
105047169007880268|BC9-1||INFO|Id=105047169007880268|Name=BC9-1|State=IDLE|WorldPosition=(-37909.5891937253, -39172.1258130097, -28348.158267899)|WorldVelocity=(0, 0, 0)|WorldAcceleration=(0, 0, 0)|HydrogenLiters=1500000|PowerMegawatts=1|HydrogenCapacity=1|PowerCapacity=1|CargoLevel=0|JobSite=(0, 0, 0)|JobPlane=(0, 0, 0, 0)|1781389291761
105047169007880268|BC9-1||INFO|Id=105047169007880268|Name=BC9-1|State=IDLE|WorldPosition=(-37909.5891937253, -39172.1258130097, -28348.158267899)|WorldVelocity=(0, 0, 0)|WorldAcceleration=(0, 0, 0)|HydrogenLiters=1500000|PowerMegawatts=1|HydrogenCapacity=1|PowerCapacity=1|CargoLevel=0|JobSite=(0, 0, 0)|JobPlane=(0, 0, 0, 0)|1781389291761
105047169007880268|BC9-1||INFO|Id=105047169007880268|Name=BC9-1|State=IDLE|WorldPosition=(-37909.5891937253, -39172.1258130097, -28348.158267899)|WorldVelocity=(0, 0, 0)|WorldAcceleration=(0, 0, 0)|HydrogenLiters=1500000|PowerMegawatts=1|HydrogenCapacity=1|PowerCapacity=1|CargoLevel=0|JobSite=(0, 0, 0)|JobPlane=(0, 0, 0, 0)|1781389291761
105047169007880268|BC9-1||INFO|Id=105047169007880268|Name=BC9-1|State=IDLE|WorldPosition=(-37909.5891937253, -39172.1258130097, -28348.158267899)|WorldVelocity=(0, 0, 0)|WorldAcceleration=(0, 0, 0)|HydrogenLiters=1500000|PowerMegawatts=1|HydrogenCapacity=1|PowerCapacity=1|CargoLevel=0|JobSite=(0, 0, 0)|JobPlane=(0, 0, 0, 0)|1781389291761
105047169007880268|BC9-1||INFO|Id=105047169007880268|Name=BC9-1|State=IDLE|WorldPosition=(-37909.5891937253, -39172.1258130097, -28348.158267899)|WorldVelocity=(0, 0, 0)|WorldAcceleration=(0, 0, 0)|HydrogenLiters=1500000|PowerMegawatts=1|HydrogenCapacity=1|PowerCapacity=1|CargoLevel=0|JobSite=(0, 0, 0)|JobPlane=(0, 0, 0, 0)|1781389291761
105047169007880268|BC9-1||INFO|Id=105047169007880268|Name=BC9-1|State=IDLE|WorldPosition=(-37909.5891937253, -39172.1258130097, -28348.158267899)|WorldVelocity=(0, 0, 0)|WorldAcceleration=(0, 0, 0)|HydrogenLiters=1500000|PowerMegawatts=1|HydrogenCapacity=1|PowerCapacity=1|CargoLevel=0|JobSite=(0, 0, 0)|JobPlane=(0, 0, 0, 0)|1781389291761
105047169007880268|BC9-1||INFO|Id=105047169007880268|Name=BC9-1|State=IDLE|WorldPosition=(-37909.5891937253, -39172.1258130097, -28348.158267899)|WorldVelocity=(0, 0, 0)|WorldAcceleration=(0, 0, 0)|HydrogenLiters=1500000|PowerMegawatts=1|HydrogenCapacity=1|PowerCapacity=1|CargoLevel=0|JobSite=(0, 0, 0)|JobPlane=(0, 0, 0, 0)|1781389291761
105047169007880268|BC9-1||INFO|Id=105047169007880268|Name=BC9-1|State=IDLE|WorldPosition=(-37909.5891937253, -39172.1258130097, -28348.158267899)|WorldVelocity=(0, 0, 0)|WorldAcceleration=(0, 0, 0)|HydrogenLiters=1500000|PowerMegawatts=1|HydrogenCapacity=1|PowerCapacity=1|CargoLevel=0|JobSite=(0, 0, 0)|JobPlane=(0, 0, 0, 0)|1781389291761
105047169007880268|BC9-1||INFO|Id=105047169007880268|Name=BC9-1|State=IDLE|WorldPosition=(-37909.5891937253, -39172.1258130097, -28348.158267899)|WorldVelocity=(0, 0, 0)|WorldAcceleration=(0, 0, 0)|HydrogenLiters=1500000|PowerMegawatts=1|HydrogenCapacity=1|PowerCapacity=1|CargoLevel=0|JobSite=(0, 0, 0)|JobPlane=(0, 0, 0, 0)|1781389293434
105047169007880268|BC9-1||INFO|Id=105047169007880268|Name=BC9-1|State=IDLE|WorldPosition=(-37909.5891937253, -39172.1258130097, -28348.158267899)|WorldVelocity=(0, 0, 0)|WorldAcceleration=(0, 0, 0)|HydrogenLiters=1500000|PowerMegawatts=1|HydrogenCapacity=1|PowerCapacity=1|CargoLevel=0|JobSite=(0, 0, 0)|JobPlane=(0, 0, 0, 0)|1781389293434
105047169007880268|BC9-1||INFO|Id=105047169007880268|Name=BC9-1|State=IDLE|WorldPosition=(-37909.5891937253, -39172.1258130097, -28348.158267899)|WorldVelocity=(0, 0, 0)|WorldAcceleration=(0, 0, 0)|HydrogenLiters=1500000|PowerMegawatts=1|HydrogenCapacity=1|PowerCapacity=1|CargoLevel=0|JobSite=(0, 0, 0)|JobPlane=(0, 0, 0, 0)|1781389293434
105047169007880268|BC9-1||INFO|Id=105047169007880268|Name=BC9-1|State=IDLE|WorldPosition=(-37909.5891937253, -39172.1258130097, -28348.158267899)|WorldVelocity=(0, 0, 0)|WorldAcceleration=(0, 0, 0)|HydrogenLiters=1500000|PowerMegawatts=1|HydrogenCapacity=1|PowerCapacity=1|CargoLevel=0|JobSite=(0, 0, 0)|JobPlane=(0, 0, 0, 0)|1781389293434
105047169007880268|BC9-1||INFO|Id=105047169007880268|Name=BC9-1|State=IDLE|WorldPosition=(-37909.5891937253, -39172.1258130097, -28348.158267899)|WorldVelocity=(0, 0, 0)|WorldAcceleration=(0, 0, 0)|HydrogenLiters=1500000|PowerMegawatts=1|HydrogenCapacity=1|PowerCapacity=1|CargoLevel=0|JobSite=(0, 0, 0)|JobPlane=(0, 0, 0, 0)|1781389293434
105047169007880268|BC9-1||INFO|Id=105047169007880268|Name=BC9-1|State=IDLE|WorldPosition=(-37909.5891937253, -39172.1258130097, -28348.158267899)|WorldVelocity=(0, 0, 0)|WorldAcceleration=(0, 0, 0)|HydrogenLiters=1500000|PowerMegawatts=1|HydrogenCapacity=1|PowerCapacity=1|CargoLevel=0|JobSite=(0, 0, 0)|JobPlane=(0, 0, 0, 0)|1781389293434
105047169007880268|BC9-1||INFO|Id=105047169007880268|Name=BC9-1|State=IDLE|WorldPosition=(-37909.5891937253, -39172.1258130097, -28348.158267899)|WorldVelocity=(0, 0, 0)|WorldAcceleration=(0, 0, 0)|HydrogenLiters=1500000|PowerMegawatts=1|HydrogenCapacity=1|PowerCapacity=1|CargoLevel=0|JobSite=(0, 0, 0)|JobPlane=(0, 0, 0, 0)|1781389293434
105047169007880268|BC9-1||INFO|Id=105047169007880268|Name=BC9-1|State=IDLE|WorldPosition=(-37909.5891937253, -39172.1258130097, -28348.158267899)|WorldVelocity=(0, 0, 0)|WorldAcceleration=(0, 0, 0)|HydrogenLiters=1500000|PowerMegawatts=1|HydrogenCapacity=1|PowerCapacity=1|CargoLevel=0|JobSite=(0, 0, 0)|JobPlane=(0, 0, 0, 0)|1781389293434
105047169007880268|BC9-1||INFO|Id=105047169007880268|Name=BC9-1|State=IDLE|WorldPosition=(-37909.5891937253, -39172.1258130097, -28348.158267899)|WorldVelocity=(0, 0, 0)|WorldAcceleration=(0, 0, 0)|HydrogenLiters=1500000|PowerMegawatts=1|HydrogenCapacity=1|PowerCapacity=1|CargoLevel=0|JobSite=(0, 0, 0)|JobPlane=(0, 0, 0, 0)|1781389293434
105047169007880268|BC9-1||INFO|Id=105047169007880268|Name=BC9-1|State=IDLE|WorldPosition=(-37909.5891937253, -39172.1258130097, -28348.158267899)|WorldVelocity=(0, 0, 0)|WorldAcceleration=(0, 0, 0)|HydrogenLiters=1500000|PowerMegawatts=1|HydrogenCapacity=1|PowerCapacity=1|CargoLevel=0|JobSite=(0, 0, 0)|JobPlane=(0, 0, 0, 0)|1781389293434
105047169007880268|BC9-1||INFO|Id=105047169007880268|Name=BC9-1|State=IDLE|WorldPosition=(-37909.5891937253, -39172.1258130097, -28348.158267899)|WorldVelocity=(0, 0, 0)|WorldAcceleration=(0, 0, 0)|HydrogenLiters=1500000|PowerMegawatts=1|HydrogenCapacity=1|PowerCapacity=1|CargoLevel=0|JobSite=(0, 0, 0)|JobPlane=(0, 0, 0, 0)|1781389295316
105047169007880268|BC9-1||INFO|Id=105047169007880268|Name=BC9-1|State=IDLE|WorldPosition=(-37909.5891937253, -39172.1258130097, -28348.158267899)|WorldVelocity=(0, 0, 0)|WorldAcceleration=(0, 0, 0)|HydrogenLiters=1500000|PowerMegawatts=1|HydrogenCapacity=1|PowerCapacity=1|CargoLevel=0|JobSite=(0, 0, 0)|JobPlane=(0, 0, 0, 0)|1781389295316
105047169007880268|BC9-1||INFO|Id=105047169007880268|Name=BC9-1|State=IDLE|WorldPosition=(-37909.5891937253, -39172.1258130097, -28348.158267899)|WorldVelocity=(0, 0, 0)|WorldAcceleration=(0, 0, 0)|HydrogenLiters=1500000|PowerMegawatts=1|HydrogenCapacity=1|PowerCapacity=1|CargoLevel=0|JobSite=(0, 0, 0)|JobPlane=(0, 0, 0, 0)|1781389295316
105047169007880268|BC9-1||INFO|Id=105047169007880268|Name=BC9-1|State=IDLE|WorldPosition=(-37909.5891937253, -39172.1258130097, -28348.158267899)|WorldVelocity=(0, 0, 0)|WorldAcceleration=(0, 0, 0)|HydrogenLiters=1500000|PowerMegawatts=1|HydrogenCapacity=1|PowerCapacity=1|CargoLevel=0|JobSite=(0, 0, 0)|JobPlane=(0, 0, 0, 0)|1781389295316
105047169007880268|BC9-1||INFO|Id=105047169007880268|Name=BC9-1|State=IDLE|WorldPosition=(-37909.5891937253, -39172.1258130097, -28348.158267899)|WorldVelocity=(0, 0, 0)|WorldAcceleration=(0, 0, 0)|HydrogenLiters=1500000|PowerMegawatts=1|HydrogenCapacity=1|PowerCapacity=1|CargoLevel=0|JobSite=(0, 0, 0)|JobPlane=(0, 0, 0, 0)|1781389295316
105047169007880268|BC9-1||INFO|Id=105047169007880268|Name=BC9-1|State=IDLE|WorldPosition=(-37909.5891937253, -39172.1258130097, -28348.158267899)|WorldVelocity=(0, 0, 0)|WorldAcceleration=(0, 0, 0)|HydrogenLiters=1500000|PowerMegawatts=1|HydrogenCapacity=1|PowerCapacity=1|CargoLevel=0|JobSite=(0, 0, 0)|JobPlane=(0, 0, 0, 0)|1781389295316
105047169007880268|BC9-1||INFO|Id=105047169007880268|Name=BC9-1|State=IDLE|WorldPosition=(-37909.5891937253, -39172.1258130097, -28348.158267899)|WorldVelocity=(0, 0, 0)|WorldAcceleration=(0, 0, 0)|HydrogenLiters=1500000|PowerMegawatts=1|HydrogenCapacity=1|PowerCapacity=1|CargoLevel=0|JobSite=(0, 0, 0)|JobPlane=(0, 0, 0, 0)|1781389295316
105047169007880268|BC9-1||INFO|Id=105047169007880268|Name=BC9-1|State=IDLE|WorldPosition=(-37909.5891937253, -39172.1258130097, -28348.158267899)|WorldVelocity=(0, 0, 0)|WorldAcceleration=(0, 0, 0)|HydrogenLiters=1500000|PowerMegawatts=1|HydrogenCapacity=1|PowerCapacity=1|CargoLevel=0|JobSite=(0, 0, 0)|JobPlane=(0, 0, 0, 0)|1781389295316
105047169007880268|BC9-1||INFO|Id=105047169007880268|Name=BC9-1|State=IDLE|WorldPosition=(-37909.5891937253, -39172.1258130097, -28348.158267899)|WorldVelocity=(0, 0, 0)|WorldAcceleration=(0, 0, 0)|HydrogenLiters=1500000|PowerMegawatts=1|HydrogenCapacity=1|PowerCapacity=1|CargoLevel=0|JobSite=(0, 0, 0)|JobPlane=(0, 0, 0, 0)|1781389295316
105047169007880268|BC9-1||INFO|Id=105047169007880268|Name=BC9-1|State=IDLE|WorldPosition=(-37909.5891937253, -39172.1258130097, -28348.158267899)|WorldVelocity=(0, 0, 0)|WorldAcceleration=(0, 0, 0)|HydrogenLiters=1500000|PowerMegawatts=1|HydrogenCapacity=1|PowerCapacity=1|CargoLevel=0|JobSite=(0, 0, 0)|JobPlane=(0, 0, 0, 0)|1781389295316
105047169007880268|BC9-1||INFO|Id=105047169007880268|Name=BC9-1|State=IDLE|WorldPosition=(-37909.5891937253, -39172.1258130097, -28348.158267899)|WorldVelocity=(0, 0, 0)|WorldAcceleration=(0, 0, 0)|HydrogenLiters=1500000|PowerMegawatts=1|HydrogenCapacity=1|PowerCapacity=1|CargoLevel=0|JobSite=(0, 0, 0)|JobPlane=(0, 0, 0, 0)|1781389297105
105047169007880268|BC9-1||INFO|Id=105047169007880268|Name=BC9-1|State=IDLE|WorldPosition=(-37909.5891937253, -39172.1258130097, -28348.158267899)|WorldVelocity=(0, 0, 0)|WorldAcceleration=(0, 0, 0)|HydrogenLiters=1500000|PowerMegawatts=1|HydrogenCapacity=1|PowerCapacity=1|CargoLevel=0|JobSite=(0, 0, 0)|JobPlane=(0, 0, 0, 0)|1781389297105
105047169007880268|BC9-1||INFO|Id=105047169007880268|Name=BC9-1|State=IDLE|WorldPosition=(-37909.5891937253, -39172.1258130097, -28348.158267899)|WorldVelocity=(0, 0, 0)|WorldAcceleration=(0, 0, 0)|HydrogenLiters=1500000|PowerMegawatts=1|HydrogenCapacity=1|PowerCapacity=1|CargoLevel=0|JobSite=(0, 0, 0)|JobPlane=(0, 0, 0, 0)|1781389297105
105047169007880268|BC9-1||INFO|Id=105047169007880268|Name=BC9-1|State=IDLE|WorldPosition=(-37909.5891937253, -39172.1258130097, -28348.158267899)|WorldVelocity=(0, 0, 0)|WorldAcceleration=(0, 0, 0)|HydrogenLiters=1500000|PowerMegawatts=1|HydrogenCapacity=1|PowerCapacity=1|CargoLevel=0|JobSite=(0, 0, 0)|JobPlane=(0, 0, 0, 0)|1781389297105
105047169007880268|BC9-1||INFO|Id=105047169007880268|Name=BC9-1|State=IDLE|WorldPosition=(-37909.5891937253, -39172.1258130097, -28348.158267899)|WorldVelocity=(0, 0, 0)|WorldAcceleration=(0, 0, 0)|HydrogenLiters=1500000|PowerMegawatts=1|HydrogenCapacity=1|PowerCapacity=1|CargoLevel=0|JobSite=(0, 0, 0)|JobPlane=(0, 0, 0, 0)|1781389297105
105047169007880268|BC9-1||INFO|Id=105047169007880268|Name=BC9-1|State=IDLE|WorldPosition=(-37909.5891937253, -39172.1258130097, -28348.158267899)|WorldVelocity=(0, 0, 0)|WorldAcceleration=(0, 0, 0)|HydrogenLiters=1500000|PowerMegawatts=1|HydrogenCapacity=1|PowerCapacity=1|CargoLevel=0|JobSite=(0, 0, 0)|JobPlane=(0, 0, 0, 0)|1781389297105
105047169007880268|BC9-1||INFO|Id=105047169007880268|Name=BC9-1|State=IDLE|WorldPosition=(-37909.5891937253, -39172.1258130097, -28348.158267899)|WorldVelocity=(0, 0, 0)|WorldAcceleration=(0, 0, 0)|HydrogenLiters=1500000|PowerMegawatts=1|HydrogenCapacity=1|PowerCapacity=1|CargoLevel=0|JobSite=(0, 0, 0)|JobPlane=(0, 0, 0, 0)|1781389297105
105047169007880268|BC9-1||INFO|Id=105047169007880268|Name=BC9-1|State=IDLE|WorldPosition=(-37909.5891937253, -39172.1258130097, -28348.158267899)|WorldVelocity=(0, 0, 0)|WorldAcceleration=(0, 0, 0)|HydrogenLiters=1500000|PowerMegawatts=1|HydrogenCapacity=1|PowerCapacity=1|CargoLevel=0|JobSite=(0, 0, 0)|JobPlane=(0, 0, 0, 0)|1781389297105
105047169007880268|BC9-1||INFO|Id=105047169007880268|Name=BC9-1|State=IDLE|WorldPosition=(-37909.5891937253, -39172.1258130097, -28348.158267899)|WorldVelocity=(0, 0, 0)|WorldAcceleration=(0, 0, 0)|HydrogenLiters=1500000|PowerMegawatts=1|HydrogenCapacity=1|PowerCapacity=1|CargoLevel=0|JobSite=(0, 0, 0)|JobPlane=(0, 0, 0, 0)|1781389297105
105047169007880268|BC9-1||INFO|Id=105047169007880268|Name=BC9-1|State=IDLE|WorldPosition=(-37909.5891937253, -39172.1258130097, -28348.158267899)|WorldVelocity=(0, 0, 0)|WorldAcceleration=(0, 0, 0)|HydrogenLiters=1500000|PowerMegawatts=1|HydrogenCapacity=1|PowerCapacity=1|CargoLevel=0|JobSite=(0, 0, 0)|JobPlane=(0, 0, 0, 0)|1781389297105
105047169007880268|BC9-1||INFO|Id=105047169007880268|Name=BC9-1|State=IDLE|WorldPosition=(-37909.5891937253, -39172.1258130097, -28348.158267899)|WorldVelocity=(0, 0, 0)|WorldAcceleration=(0, 0, 0)|HydrogenLiters=1500000|PowerMegawatts=1|HydrogenCapacity=1|PowerCapacity=1|CargoLevel=0|JobSite=(0, 0, 0)|JobPlane=(0, 0, 0, 0)|1781389298768
105047169007880268|BC9-1||INFO|Id=105047169007880268|Name=BC9-1|State=IDLE|WorldPosition=(-37909.5891937253, -39172.1258130097, -28348.158267899)|WorldVelocity=(0, 0, 0)|WorldAcceleration=(0, 0, 0)|HydrogenLiters=1500000|PowerMegawatts=1|HydrogenCapacity=1|PowerCapacity=1|CargoLevel=0|JobSite=(0, 0, 0)|JobPlane=(0, 0, 0, 0)|1781389298768
105047169007880268|BC9-1||INFO|Id=105047169007880268|Name=BC9-1|State=IDLE|WorldPosition=(-37909.5891937253, -39172.1258130097, -28348.158267899)|WorldVelocity=(0, 0, 0)|WorldAcceleration=(0, 0, 0)|HydrogenLiters=1500000|PowerMegawatts=1|HydrogenCapacity=1|PowerCapacity=1|CargoLevel=0|JobSite=(0, 0, 0)|JobPlane=(0, 0, 0, 0)|1781389298768
105047169007880268|BC9-1||INFO|Id=105047169007880268|Name=BC9-1|State=IDLE|WorldPosition=(-37909.5891937253, -39172.1258130097, -28348.158267899)|WorldVelocity=(0, 0, 0)|WorldAcceleration=(0, 0, 0)|HydrogenLiters=1500000|PowerMegawatts=1|HydrogenCapacity=1|PowerCapacity=1|CargoLevel=0|JobSite=(0, 0, 0)|JobPlane=(0, 0, 0, 0)|1781389298768
105047169007880268|BC9-1||INFO|Id=105047169007880268|Name=BC9-1|State=IDLE|WorldPosition=(-37909.5891937253, -39172.1258130097, -28348.158267899)|WorldVelocity=(0, 0, 0)|WorldAcceleration=(0, 0, 0)|HydrogenLiters=1500000|PowerMegawatts=1|HydrogenCapacity=1|PowerCapacity=1|CargoLevel=0|JobSite=(0, 0, 0)|JobPlane=(0, 0, 0, 0)|1781389298768
105047169007880268|BC9-1||INFO|Id=105047169007880268|Name=BC9-1|State=IDLE|WorldPosition=(-37909.5891937253, -39172.1258130097, -28348.158267899)|WorldVelocity=(0, 0, 0)|WorldAcceleration=(0, 0, 0)|HydrogenLiters=1500000|PowerMegawatts=1|HydrogenCapacity=1|PowerCapacity=1|CargoLevel=0|JobSite=(0, 0, 0)|JobPlane=(0, 0, 0, 0)|1781389298768
105047169007880268|BC9-1||INFO|Id=105047169007880268|Name=BC9-1|State=IDLE|WorldPosition=(-37909.5891937253, -39172.1258130097, -28348.158267899)|WorldVelocity=(0, 0, 0)|WorldAcceleration=(0, 0, 0)|HydrogenLiters=1500000|PowerMegawatts=1|HydrogenCapacity=1|PowerCapacity=1|CargoLevel=0|JobSite=(0, 0, 0)|JobPlane=(0, 0, 0, 0)|1781389298768
105047169007880268|BC9-1||INFO|Id=105047169007880268|Name=BC9-1|State=IDLE|WorldPosition=(-37909.5891937253, -39172.1258130097, -28348.158267899)|WorldVelocity=(0, 0, 0)|WorldAcceleration=(0, 0, 0)|HydrogenLiters=1500000|PowerMegawatts=1|HydrogenCapacity=1|PowerCapacity=1|CargoLevel=0|JobSite=(0, 0, 0)|JobPlane=(0, 0, 0, 0)|1781389298768
105047169007880268|BC9-1||INFO|Id=105047169007880268|Name=BC9-1|State=IDLE|WorldPosition=(-37909.5891937253, -39172.1258130097, -28348.158267899)|WorldVelocity=(0, 0, 0)|WorldAcceleration=(0, 0, 0)|HydrogenLiters=1500000|PowerMegawatts=1|HydrogenCapacity=1|PowerCapacity=1|CargoLevel=0|JobSite=(0, 0, 0)|JobPlane=(0, 0, 0, 0)|1781389298768
105047169007880268|BC9-1||INFO|Id=105047169007880268|Name=BC9-1|State=IDLE|WorldPosition=(-37909.5891937253, -39172.1258130097, -28348.158267899)|WorldVelocity=(0, 0, 0)|WorldAcceleration=(0, 0, 0)|HydrogenLiters=1500000|PowerMegawatts=1|HydrogenCapacity=1|PowerCapacity=1|CargoLevel=0|JobSite=(0, 0, 0)|JobPlane=(0, 0, 0, 0)|1781389298768
105047169007880268|BC9-1||INFO|Id=105047169007880268|Name=BC9-1|State=IDLE|WorldPosition=(-37909.5891937253, -39172.1258130097, -28348.158267899)|WorldVelocity=(0, 0, 0)|WorldAcceleration=(0, 0, 0)|HydrogenLiters=1500000|PowerMegawatts=1|HydrogenCapacity=1|PowerCapacity=1|CargoLevel=0|JobSite=(0, 0, 0)|JobPlane=(0, 0, 0, 0)|1781389300435
105047169007880268|BC9-1||INFO|Id=105047169007880268|Name=BC9-1|State=IDLE|WorldPosition=(-37909.5891937253, -39172.1258130097, -28348.158267899)|WorldVelocity=(0, 0, 0)|WorldAcceleration=(0, 0, 0)|HydrogenLiters=1500000|PowerMegawatts=1|HydrogenCapacity=1|PowerCapacity=1|CargoLevel=0|JobSite=(0, 0, 0)|JobPlane=(0, 0, 0, 0)|1781389300435
105047169007880268|BC9-1||INFO|Id=105047169007880268|Name=BC9-1|State=IDLE|WorldPosition=(-37909.5891937253, -39172.1258130097, -28348.158267899)|WorldVelocity=(0, 0, 0)|WorldAcceleration=(0, 0, 0)|HydrogenLiters=1500000|PowerMegawatts=1|HydrogenCapacity=1|PowerCapacity=1|CargoLevel=0|JobSite=(0, 0, 0)|JobPlane=(0, 0, 0, 0)|1781389300435
105047169007880268|BC9-1||INFO|Id=105047169007880268|Name=BC9-1|State=IDLE|WorldPosition=(-37909.5891937253, -39172.1258130097, -28348.158267899)|WorldVelocity=(0, 0, 0)|WorldAcceleration=(0, 0, 0)|HydrogenLiters=1500000|PowerMegawatts=1|HydrogenCapacity=1|PowerCapacity=1|CargoLevel=0|JobSite=(0, 0, 0)|JobPlane=(0, 0, 0, 0)|1781389300435
105047169007880268|BC9-1||INFO|Id=105047169007880268|Name=BC9-1|State=IDLE|WorldPosition=(-37909.5891937253, -39172.1258130097, -28348.158267899)|WorldVelocity=(0, 0, 0)|WorldAcceleration=(0, 0, 0)|HydrogenLiters=1500000|PowerMegawatts=1|HydrogenCapacity=1|PowerCapacity=1|CargoLevel=0|JobSite=(0, 0, 0)|JobPlane=(0, 0, 0, 0)|1781389300435
105047169007880268|BC9-1||INFO|Id=105047169007880268|Name=BC9-1|State=IDLE|WorldPosition=(-37909.5891937253, -39172.1258130097, -28348.158267899)|WorldVelocity=(0, 0, 0)|WorldAcceleration=(0, 0, 0)|HydrogenLiters=1500000|PowerMegawatts=1|HydrogenCapacity=1|PowerCapacity=1|CargoLevel=0|JobSite=(0, 0, 0)|JobPlane=(0, 0, 0, 0)|1781389300435
105047169007880268|BC9-1||INFO|Id=105047169007880268|Name=BC9-1|State=IDLE|WorldPosition=(-37909.5891937253, -39172.1258130097, -28348.158267899)|WorldVelocity=(0, 0, 0)|WorldAcceleration=(0, 0, 0)|HydrogenLiters=1500000|PowerMegawatts=1|HydrogenCapacity=1|PowerCapacity=1|CargoLevel=0|JobSite=(0, 0, 0)|JobPlane=(0, 0, 0, 0)|1781389300435
105047169007880268|BC9-1||INFO|Id=105047169007880268|Name=BC9-1|State=IDLE|WorldPosition=(-37909.5891937253, -39172.1258130097, -28348.158267899)|WorldVelocity=(0, 0, 0)|WorldAcceleration=(0, 0, 0)|HydrogenLiters=1500000|PowerMegawatts=1|HydrogenCapacity=1|PowerCapacity=1|CargoLevel=0|JobSite=(0, 0, 0)|JobPlane=(0, 0, 0, 0)|1781389300435
105047169007880268|BC9-1||INFO|Id=105047169007880268|Name=BC9-1|State=IDLE|WorldPosition=(-37909.5891937253, -39172.1258130097, -28348.158267899)|WorldVelocity=(0, 0, 0)|WorldAcceleration=(0, 0, 0)|HydrogenLiters=1500000|PowerMegawatts=1|HydrogenCapacity=1|PowerCapacity=1|CargoLevel=0|JobSite=(0, 0, 0)|JobPlane=(0, 0, 0, 0)|1781389300435
105047169007880268|BC9-1||INFO|Id=105047169007880268|Name=BC9-1|State=IDLE|WorldPosition=(-37909.5891937253, -39172.1258130097, -28348.158267899)|WorldVelocity=(0, 0, 0)|WorldAcceleration=(0, 0, 0)|HydrogenLiters=1500000|PowerMegawatts=1|HydrogenCapacity=1|PowerCapacity=1|CargoLevel=0|JobSite=(0, 0, 0)|JobPlane=(0, 0, 0, 0)|1781389300435
105047169007880268|BC9-1||INFO|Id=105047169007880268|Name=BC9-1|State=IDLE|WorldPosition=(-37909.5891937253, -39172.1258130097, -28348.158267899)|WorldVelocity=(0, 0, 0)|WorldAcceleration=(0, 0, 0)|HydrogenLiters=1500000|PowerMegawatts=1|HydrogenCapacity=1|PowerCapacity=1|CargoLevel=0|JobSite=(0, 0, 0)|JobPlane=(0, 0, 0, 0)|1781389302106
105047169007880268|BC9-1||INFO|Id=105047169007880268|Name=BC9-1|State=IDLE|WorldPosition=(-37909.5891937253, -39172.1258130097, -28348.158267899)|WorldVelocity=(0, 0, 0)|WorldAcceleration=(0, 0, 0)|HydrogenLiters=1500000|PowerMegawatts=1|HydrogenCapacity=1|PowerCapacity=1|CargoLevel=0|JobSite=(0, 0, 0)|JobPlane=(0, 0, 0, 0)|1781389302106
105047169007880268|BC9-1||INFO|Id=105047169007880268|Name=BC9-1|State=IDLE|WorldPosition=(-37909.5891937253, -39172.1258130097, -28348.158267899)|WorldVelocity=(0, 0, 0)|WorldAcceleration=(0, 0, 0)|HydrogenLiters=1500000|PowerMegawatts=1|HydrogenCapacity=1|PowerCapacity=1|CargoLevel=0|JobSite=(0, 0, 0)|JobPlane=(0, 0, 0, 0)|1781389302106
105047169007880268|BC9-1||INFO|Id=105047169007880268|Name=BC9-1|State=IDLE|WorldPosition=(-37909.5891937253, -39172.1258130097, -28348.158267899)|WorldVelocity=(0, 0, 0)|WorldAcceleration=(0, 0, 0)|HydrogenLiters=1500000|PowerMegawatts=1|HydrogenCapacity=1|PowerCapacity=1|CargoLevel=0|JobSite=(0, 0, 0)|JobPlane=(0, 0, 0, 0)|1781389302106
105047169007880268|BC9-1||INFO|Id=105047169007880268|Name=BC9-1|State=IDLE|WorldPosition=(-37909.5891937253, -39172.1258130097, -28348.158267899)|WorldVelocity=(0, 0, 0)|WorldAcceleration=(0, 0, 0)|HydrogenLiters=1500000|PowerMegawatts=1|HydrogenCapacity=1|PowerCapacity=1|CargoLevel=0|JobSite=(0, 0, 0)|JobPlane=(0, 0, 0, 0)|1781389302106
105047169007880268|BC9-1||INFO|Id=105047169007880268|Name=BC9-1|State=IDLE|WorldPosition=(-37909.5891937253, -39172.1258130097, -28348.158267899)|WorldVelocity=(0, 0, 0)|WorldAcceleration=(0, 0, 0)|HydrogenLiters=1500000|PowerMegawatts=1|HydrogenCapacity=1|PowerCapacity=1|CargoLevel=0|JobSite=(0, 0, 0)|JobPlane=(0, 0, 0, 0)|1781389302106
105047169007880268|BC9-1||INFO|Id=105047169007880268|Name=BC9-1|State=IDLE|WorldPosition=(-37909.5891937253, -39172.1258130097, -28348.158267899)|WorldVelocity=(0, 0, 0)|WorldAcceleration=(0, 0, 0)|HydrogenLiters=1500000|PowerMegawatts=1|HydrogenCapacity=1|PowerCapacity=1|CargoLevel=0|JobSite=(0, 0, 0)|JobPlane=(0, 0, 0, 0)|1781389302106
105047169007880268|BC9-1||INFO|Id=105047169007880268|Name=BC9-1|State=IDLE|WorldPosition=(-37909.5891937253, -39172.1258130097, -28348.158267899)|WorldVelocity=(0, 0, 0)|WorldAcceleration=(0, 0, 0)|HydrogenLiters=1500000|PowerMegawatts=1|HydrogenCapacity=1|PowerCapacity=1|CargoLevel=0|JobSite=(0, 0, 0)|JobPlane=(0, 0, 0, 0)|1781389302106
105047169007880268|BC9-1||INFO|Id=105047169007880268|Name=BC9-1|State=IDLE|WorldPosition=(-37909.5891937253, -39172.1258130097, -28348.158267899)|WorldVelocity=(0, 0, 0)|WorldAcceleration=(0, 0, 0)|HydrogenLiters=1500000|PowerMegawatts=1|HydrogenCapacity=1|PowerCapacity=1|CargoLevel=0|JobSite=(0, 0, 0)|JobPlane=(0, 0, 0, 0)|1781389302106
105047169007880268|BC9-1||INFO|Id=105047169007880268|Name=BC9-1|State=IDLE|WorldPosition=(-37909.5891937253, -39172.1258130097, -28348.158267899)|WorldVelocity=(0, 0, 0)|WorldAcceleration=(0, 0, 0)|HydrogenLiters=1500000|PowerMegawatts=1|HydrogenCapacity=1|PowerCapacity=1|CargoLevel=0|JobSite=(0, 0, 0)|JobPlane=(0, 0, 0, 0)|1781389302106
105047169007880268|BC9-1||INFO|Id=105047169007880268|Name=BC9-1|State=IDLE|WorldPosition=(-37909.5891937253, -39172.1258130097, -28348.158267899)|WorldVelocity=(0, 0, 0)|WorldAcceleration=(0, 0, 0)|HydrogenLiters=1500000|PowerMegawatts=1|HydrogenCapacity=1|PowerCapacity=1|CargoLevel=0|JobSite=(0, 0, 0)|JobPlane=(0, 0, 0, 0)|1781389303768
105047169007880268|BC9-1||INFO|Id=105047169007880268|Name=BC9-1|State=IDLE|WorldPosition=(-37909.5891937253, -39172.1258130097, -28348.158267899)|WorldVelocity=(0, 0, 0)|WorldAcceleration=(0, 0, 0)|HydrogenLiters=1500000|PowerMegawatts=1|HydrogenCapacity=1|PowerCapacity=1|CargoLevel=0|JobSite=(0, 0, 0)|JobPlane=(0, 0, 0, 0)|1781389303768
105047169007880268|BC9-1||INFO|Id=105047169007880268|Name=BC9-1|State=IDLE|WorldPosition=(-37909.5891937253, -39172.1258130097, -28348.158267899)|WorldVelocity=(0, 0, 0)|WorldAcceleration=(0, 0, 0)|HydrogenLiters=1500000|PowerMegawatts=1|HydrogenCapacity=1|PowerCapacity=1|CargoLevel=0|JobSite=(0, 0, 0)|JobPlane=(0, 0, 0, 0)|1781389303768
105047169007880268|BC9-1||INFO|Id=105047169007880268|Name=BC9-1|State=IDLE|WorldPosition=(-37909.5891937253, -39172.1258130097, -28348.158267899)|WorldVelocity=(0, 0, 0)|WorldAcceleration=(0, 0, 0)|HydrogenLiters=1500000|PowerMegawatts=1|HydrogenCapacity=1|PowerCapacity=1|CargoLevel=0|JobSite=(0, 0, 0)|JobPlane=(0, 0, 0, 0)|1781389303768
105047169007880268|BC9-1||INFO|Id=105047169007880268|Name=BC9-1|State=IDLE|WorldPosition=(-37909.5891937253, -39172.1258130097, -28348.158267899)|WorldVelocity=(0, 0, 0)|WorldAcceleration=(0, 0, 0)|HydrogenLiters=1500000|PowerMegawatts=1|HydrogenCapacity=1|PowerCapacity=1|CargoLevel=0|JobSite=(0, 0, 0)|JobPlane=(0, 0, 0, 0)|1781389303768
105047169007880268|BC9-1||INFO|Id=105047169007880268|Name=BC9-1|State=IDLE|WorldPosition=(-37909.5891937253, -39172.1258130097, -28348.158267899)|WorldVelocity=(0, 0, 0)|WorldAcceleration=(0, 0, 0)|HydrogenLiters=1500000|PowerMegawatts=1|HydrogenCapacity=1|PowerCapacity=1|CargoLevel=0|JobSite=(0, 0, 0)|JobPlane=(0, 0, 0, 0)|1781389303768
105047169007880268|BC9-1||INFO|Id=105047169007880268|Name=BC9-1|State=IDLE|WorldPosition=(-37909.5891937253, -39172.1258130097, -28348.158267899)|WorldVelocity=(0, 0, 0)|WorldAcceleration=(0, 0, 0)|HydrogenLiters=1500000|PowerMegawatts=1|HydrogenCapacity=1|PowerCapacity=1|CargoLevel=0|JobSite=(0, 0, 0)|JobPlane=(0, 0, 0, 0)|1781389303768
105047169007880268|BC9-1||INFO|Id=105047169007880268|Name=BC9-1|State=IDLE|WorldPosition=(-37909.5891937253, -39172.1258130097, -28348.158267899)|WorldVelocity=(0, 0, 0)|WorldAcceleration=(0, 0, 0)|HydrogenLiters=1500000|PowerMegawatts=1|HydrogenCapacity=1|PowerCapacity=1|CargoLevel=0|JobSite=(0, 0, 0)|JobPlane=(0, 0, 0, 0)|1781389303768
105047169007880268|BC9-1||INFO|Id=105047169007880268|Name=BC9-1|State=IDLE|WorldPosition=(-37909.5891937253, -39172.1258130097, -28348.158267899)|WorldVelocity=(0, 0, 0)|WorldAcceleration=(0, 0, 0)|HydrogenLiters=1500000|PowerMegawatts=1|HydrogenCapacity=1|PowerCapacity=1|CargoLevel=0|JobSite=(0, 0, 0)|JobPlane=(0, 0, 0, 0)|1781389303768
105047169007880268|BC9-1||INFO|Id=105047169007880268|Name=BC9-1|State=IDLE|WorldPosition=(-37909.5891937253, -39172.1258130097, -28348.158267899)|WorldVelocity=(0, 0, 0)|WorldAcceleration=(0, 0, 0)|HydrogenLiters=1500000|PowerMegawatts=1|HydrogenCapacity=1|PowerCapacity=1|CargoLevel=0|JobSite=(0, 0, 0)|JobPlane=(0, 0, 0, 0)|1781389303768
105047169007880268|BC9-1||INFO|Id=105047169007880268|Name=BC9-1|State=IDLE|WorldPosition=(-37909.5891937253, -39172.1258130097, -28348.158267899)|WorldVelocity=(0, 0, 0)|WorldAcceleration=(0, 0, 0)|HydrogenLiters=1500000|PowerMegawatts=1|HydrogenCapacity=1|PowerCapacity=1|CargoLevel=0|JobSite=(0, 0, 0)|JobPlane=(0, 0, 0, 0)|1781389305438
105047169007880268|BC9-1||INFO|Id=105047169007880268|Name=BC9-1|State=IDLE|WorldPosition=(-37909.5891937253, -39172.1258130097, -28348.158267899)|WorldVelocity=(0, 0, 0)|WorldAcceleration=(0, 0, 0)|HydrogenLiters=1500000|PowerMegawatts=1|HydrogenCapacity=1|PowerCapacity=1|CargoLevel=0|JobSite=(0, 0, 0)|JobPlane=(0, 0, 0, 0)|1781389305438
105047169007880268|BC9-1||INFO|Id=105047169007880268|Name=BC9-1|State=IDLE|WorldPosition=(-37909.5891937253, -39172.1258130097, -28348.158267899)|WorldVelocity=(0, 0, 0)|WorldAcceleration=(0, 0, 0)|HydrogenLiters=1500000|PowerMegawatts=1|HydrogenCapacity=1|PowerCapacity=1|CargoLevel=0|JobSite=(0, 0, 0)|JobPlane=(0, 0, 0, 0)|1781389305438
105047169007880268|BC9-1||INFO|Id=105047169007880268|Name=BC9-1|State=IDLE|WorldPosition=(-37909.5891937253, -39172.1258130097, -28348.158267899)|WorldVelocity=(0, 0, 0)|WorldAcceleration=(0, 0, 0)|HydrogenLiters=1500000|PowerMegawatts=1|HydrogenCapacity=1|PowerCapacity=1|CargoLevel=0|JobSite=(0, 0, 0)|JobPlane=(0, 0, 0, 0)|1781389305438
105047169007880268|BC9-1||INFO|Id=105047169007880268|Name=BC9-1|State=IDLE|WorldPosition=(-37909.5891937253, -39172.1258130097, -28348.158267899)|WorldVelocity=(0, 0, 0)|WorldAcceleration=(0, 0, 0)|HydrogenLiters=1500000|PowerMegawatts=1|HydrogenCapacity=1|PowerCapacity=1|CargoLevel=0|JobSite=(0, 0, 0)|JobPlane=(0, 0, 0, 0)|1781389305438
105047169007880268|BC9-1||INFO|Id=105047169007880268|Name=BC9-1|State=IDLE|WorldPosition=(-37909.5891937253, -39172.1258130097, -28348.158267899)|WorldVelocity=(0, 0, 0)|WorldAcceleration=(0, 0, 0)|HydrogenLiters=1500000|PowerMegawatts=1|HydrogenCapacity=1|PowerCapacity=1|CargoLevel=0|JobSite=(0, 0, 0)|JobPlane=(0, 0, 0, 0)|1781389305438
105047169007880268|BC9-1||INFO|Id=105047169007880268|Name=BC9-1|State=IDLE|WorldPosition=(-37909.5891937253, -39172.1258130097, -28348.158267899)|WorldVelocity=(0, 0, 0)|WorldAcceleration=(0, 0, 0)|HydrogenLiters=1500000|PowerMegawatts=1|HydrogenCapacity=1|PowerCapacity=1|CargoLevel=0|JobSite=(0, 0, 0)|JobPlane=(0, 0, 0, 0)|1781389305438
105047169007880268|BC9-1||INFO|Id=105047169007880268|Name=BC9-1|State=IDLE|WorldPosition=(-37909.5891937253, -39172.1258130097, -28348.158267899)|WorldVelocity=(0, 0, 0)|WorldAcceleration=(0, 0, 0)|HydrogenLiters=1500000|PowerMegawatts=1|HydrogenCapacity=1|PowerCapacity=1|CargoLevel=0|JobSite=(0, 0, 0)|JobPlane=(0, 0, 0, 0)|1781389305438
105047169007880268|BC9-1||INFO|Id=105047169007880268|Name=BC9-1|State=IDLE|WorldPosition=(-37909.5891937253, -39172.1258130097, -28348.158267899)|WorldVelocity=(0, 0, 0)|WorldAcceleration=(0, 0, 0)|HydrogenLiters=1500000|PowerMegawatts=1|HydrogenCapacity=1|PowerCapacity=1|CargoLevel=0|JobSite=(0, 0, 0)|JobPlane=(0, 0, 0, 0)|1781389305438
105047169007880268|BC9-1||INFO|Id=105047169007880268|Name=BC9-1|State=IDLE|WorldPosition=(-37909.5891937253, -39172.1258130097, -28348.158267899)|WorldVelocity=(0, 0, 0)|WorldAcceleration=(0, 0, 0)|HydrogenLiters=1500000|PowerMegawatts=1|HydrogenCapacity=1|PowerCapacity=1|CargoLevel=0|JobSite=(0, 0, 0)|JobPlane=(0, 0, 0, 0)|1781389305438
105047169007880268|BC9-1||INFO|Id=105047169007880268|Name=BC9-1|State=IDLE|WorldPosition=(-37909.5891937253, -39172.1258130097, -28348.158267899)|WorldVelocity=(0, 0, 0)|WorldAcceleration=(0, 0, 0)|HydrogenLiters=1500000|PowerMegawatts=1|HydrogenCapacity=1|PowerCapacity=1|CargoLevel=0|JobSite=(0, 0, 0)|JobPlane=(0, 0, 0, 0)|1781389307102
105047169007880268|BC9-1||INFO|Id=105047169007880268|Name=BC9-1|State=IDLE|WorldPosition=(-37909.5891937253, -39172.1258130097, -28348.158267899)|WorldVelocity=(0, 0, 0)|WorldAcceleration=(0, 0, 0)|HydrogenLiters=1500000|PowerMegawatts=1|HydrogenCapacity=1|PowerCapacity=1|CargoLevel=0|JobSite=(0, 0, 0)|JobPlane=(0, 0, 0, 0)|1781389307102
105047169007880268|BC9-1||INFO|Id=105047169007880268|Name=BC9-1|State=IDLE|WorldPosition=(-37909.5891937253, -39172.1258130097, -28348.158267899)|WorldVelocity=(0, 0, 0)|WorldAcceleration=(0, 0, 0)|HydrogenLiters=1500000|PowerMegawatts=1|HydrogenCapacity=1|PowerCapacity=1|CargoLevel=0|JobSite=(0, 0, 0)|JobPlane=(0, 0, 0, 0)|1781389307102
105047169007880268|BC9-1||INFO|Id=105047169007880268|Name=BC9-1|State=IDLE|WorldPosition=(-37909.5891937253, -39172.1258130097, -28348.158267899)|WorldVelocity=(0, 0, 0)|WorldAcceleration=(0, 0, 0)|HydrogenLiters=1500000|PowerMegawatts=1|HydrogenCapacity=1|PowerCapacity=1|CargoLevel=0|JobSite=(0, 0, 0)|JobPlane=(0, 0, 0, 0)|1781389307102
105047169007880268|BC9-1||INFO|Id=105047169007880268|Name=BC9-1|State=IDLE|WorldPosition=(-37909.5891937253, -39172.1258130097, -28348.158267899)|WorldVelocity=(0, 0, 0)|WorldAcceleration=(0, 0, 0)|HydrogenLiters=1500000|PowerMegawatts=1|HydrogenCapacity=1|PowerCapacity=1|CargoLevel=0|JobSite=(0, 0, 0)|JobPlane=(0, 0, 0, 0)|1781389307102
105047169007880268|BC9-1||INFO|Id=105047169007880268|Name=BC9-1|State=IDLE|WorldPosition=(-37909.5891937253, -39172.1258130097, -28348.158267899)|WorldVelocity=(0, 0, 0)|WorldAcceleration=(0, 0, 0)|HydrogenLiters=1500000|PowerMegawatts=1|HydrogenCapacity=1|PowerCapacity=1|CargoLevel=0|JobSite=(0, 0, 0)|JobPlane=(0, 0, 0, 0)|1781389307102
105047169007880268|BC9-1||INFO|Id=105047169007880268|Name=BC9-1|State=IDLE|WorldPosition=(-37909.5891937253, -39172.1258130097, -28348.158267899)|WorldVelocity=(0, 0, 0)|WorldAcceleration=(0, 0, 0)|HydrogenLiters=1500000|PowerMegawatts=1|HydrogenCapacity=1|PowerCapacity=1|CargoLevel=0|JobSite=(0, 0, 0)|JobPlane=(0, 0, 0, 0)|1781389307102
105047169007880268|BC9-1||INFO|Id=105047169007880268|Name=BC9-1|State=IDLE|WorldPosition=(-37909.5891937253, -39172.1258130097, -28348.158267899)|WorldVelocity=(0, 0, 0)|WorldAcceleration=(0, 0, 0)|HydrogenLiters=1500000|PowerMegawatts=1|HydrogenCapacity=1|PowerCapacity=1|CargoLevel=0|JobSite=(0, 0, 0)|JobPlane=(0, 0, 0, 0)|1781389307102
105047169007880268|BC9-1||INFO|Id=105047169007880268|Name=BC9-1|State=IDLE|WorldPosition=(-37909.5891937253, -39172.1258130097, -28348.158267899)|WorldVelocity=(0, 0, 0)|WorldAcceleration=(0, 0, 0)|HydrogenLiters=1500000|PowerMegawatts=1|HydrogenCapacity=1|PowerCapacity=1|CargoLevel=0|JobSite=(0, 0, 0)|JobPlane=(0, 0, 0, 0)|1781389307102
105047169007880268|BC9-1||INFO|Id=105047169007880268|Name=BC9-1|State=IDLE|WorldPosition=(-37909.5891937253, -39172.1258130097, -28348.158267899)|WorldVelocity=(0, 0, 0)|WorldAcceleration=(0, 0, 0)|HydrogenLiters=1500000|PowerMegawatts=1|HydrogenCapacity=1|PowerCapacity=1|CargoLevel=0|JobSite=(0, 0, 0)|JobPlane=(0, 0, 0, 0)|1781389307102
105047169007880268|BC9-1||INFO|Id=105047169007880268|Name=BC9-1|State=IDLE|WorldPosition=(-37909.5891937253, -39172.1258130097, -28348.158267899)|WorldVelocity=(0, 0, 0)|WorldAcceleration=(0, 0, 0)|HydrogenLiters=1500000|PowerMegawatts=1|HydrogenCapacity=1|PowerCapacity=1|CargoLevel=0|JobSite=(0, 0, 0)|JobPlane=(0, 0, 0, 0)|1781389308770
105047169007880268|BC9-1||INFO|Id=105047169007880268|Name=BC9-1|State=IDLE|WorldPosition=(-37909.5891937253, -39172.1258130097, -28348.158267899)|WorldVelocity=(0, 0, 0)|WorldAcceleration=(0, 0, 0)|HydrogenLiters=1500000|PowerMegawatts=1|HydrogenCapacity=1|PowerCapacity=1|CargoLevel=0|JobSite=(0, 0, 0)|JobPlane=(0, 0, 0, 0)|1781389308770
105047169007880268|BC9-1||INFO|Id=105047169007880268|Name=BC9-1|State=IDLE|WorldPosition=(-37909.5891937253, -39172.1258130097, -28348.158267899)|WorldVelocity=(0, 0, 0)|WorldAcceleration=(0, 0, 0)|HydrogenLiters=1500000|PowerMegawatts=1|HydrogenCapacity=1|PowerCapacity=1|CargoLevel=0|JobSite=(0, 0, 0)|JobPlane=(0, 0, 0, 0)|1781389308770
105047169007880268|BC9-1||INFO|Id=105047169007880268|Name=BC9-1|State=IDLE|WorldPosition=(-37909.5891937253, -39172.1258130097, -28348.158267899)|WorldVelocity=(0, 0, 0)|WorldAcceleration=(0, 0, 0)|HydrogenLiters=1500000|PowerMegawatts=1|HydrogenCapacity=1|PowerCapacity=1|CargoLevel=0|JobSite=(0, 0, 0)|JobPlane=(0, 0, 0, 0)|1781389308770
105047169007880268|BC9-1||INFO|Id=105047169007880268|Name=BC9-1|State=IDLE|WorldPosition=(-37909.5891937253, -39172.1258130097, -28348.158267899)|WorldVelocity=(0, 0, 0)|WorldAcceleration=(0, 0, 0)|HydrogenLiters=1500000|PowerMegawatts=1|HydrogenCapacity=1|PowerCapacity=1|CargoLevel=0|JobSite=(0, 0, 0)|JobPlane=(0, 0, 0, 0)|1781389308770
105047169007880268|BC9-1||INFO|Id=105047169007880268|Name=BC9-1|State=IDLE|WorldPosition=(-37909.5891937253, -39172.1258130097, -28348.158267899)|WorldVelocity=(0, 0, 0)|WorldAcceleration=(0, 0, 0)|HydrogenLiters=1500000|PowerMegawatts=1|HydrogenCapacity=1|PowerCapacity=1|CargoLevel=0|JobSite=(0, 0, 0)|JobPlane=(0, 0, 0, 0)|1781389308770
105047169007880268|BC9-1||INFO|Id=105047169007880268|Name=BC9-1|State=IDLE|WorldPosition=(-37909.5891937253, -39172.1258130097, -28348.158267899)|WorldVelocity=(0, 0, 0)|WorldAcceleration=(0, 0, 0)|HydrogenLiters=1500000|PowerMegawatts=1|HydrogenCapacity=1|PowerCapacity=1|CargoLevel=0|JobSite=(0, 0, 0)|JobPlane=(0, 0, 0, 0)|1781389308770
105047169007880268|BC9-1||INFO|Id=105047169007880268|Name=BC9-1|State=IDLE|WorldPosition=(-37909.5891937253, -39172.1258130097, -28348.158267899)|WorldVelocity=(0, 0, 0)|WorldAcceleration=(0, 0, 0)|HydrogenLiters=1500000|PowerMegawatts=1|HydrogenCapacity=1|PowerCapacity=1|CargoLevel=0|JobSite=(0, 0, 0)|JobPlane=(0, 0, 0, 0)|1781389308770
105047169007880268|BC9-1||INFO|Id=105047169007880268|Name=BC9-1|State=IDLE|WorldPosition=(-37909.5891937253, -39172.1258130097, -28348.158267899)|WorldVelocity=(0, 0, 0)|WorldAcceleration=(0, 0, 0)|HydrogenLiters=1500000|PowerMegawatts=1|HydrogenCapacity=1|PowerCapacity=1|CargoLevel=0|JobSite=(0, 0, 0)|JobPlane=(0, 0, 0, 0)|1781389308770
105047169007880268|BC9-1||INFO|Id=105047169007880268|Name=BC9-1|State=IDLE|WorldPosition=(-37909.5891937253, -39172.1258130097, -28348.158267899)|WorldVelocity=(0, 0, 0)|WorldAcceleration=(0, 0, 0)|HydrogenLiters=1500000|PowerMegawatts=1|HydrogenCapacity=1|PowerCapacity=1|CargoLevel=0|JobSite=(0, 0, 0)|JobPlane=(0, 0, 0, 0)|1781389308770
105047169007880268|BC9-1||INFO|Id=105047169007880268|Name=BC9-1|State=IDLE|WorldPosition=(-37909.5891937253, -39172.1258130097, -28348.158267899)|WorldVelocity=(0, 0, 0)|WorldAcceleration=(0, 0, 0)|HydrogenLiters=1500000|PowerMegawatts=1|HydrogenCapacity=1|PowerCapacity=1|CargoLevel=0|JobSite=(0, 0, 0)|JobPlane=(0, 0, 0, 0)|1781389310435
105047169007880268|BC9-1||INFO|Id=105047169007880268|Name=BC9-1|State=IDLE|WorldPosition=(-37909.5891937253, -39172.1258130097, -28348.158267899)|WorldVelocity=(0, 0, 0)|WorldAcceleration=(0, 0, 0)|HydrogenLiters=1500000|PowerMegawatts=1|HydrogenCapacity=1|PowerCapacity=1|CargoLevel=0|JobSite=(0, 0, 0)|JobPlane=(0, 0, 0, 0)|1781389310435
105047169007880268|BC9-1||INFO|Id=105047169007880268|Name=BC9-1|State=IDLE|WorldPosition=(-37909.5891937253, -39172.1258130097, -28348.158267899)|WorldVelocity=(0, 0, 0)|WorldAcceleration=(0, 0, 0)|HydrogenLiters=1500000|PowerMegawatts=1|HydrogenCapacity=1|PowerCapacity=1|CargoLevel=0|JobSite=(0, 0, 0)|JobPlane=(0, 0, 0, 0)|1781389310435
105047169007880268|BC9-1||INFO|Id=105047169007880268|Name=BC9-1|State=IDLE|WorldPosition=(-37909.5891937253, -39172.1258130097, -28348.158267899)|WorldVelocity=(0, 0, 0)|WorldAcceleration=(0, 0, 0)|HydrogenLiters=1500000|PowerMegawatts=1|HydrogenCapacity=1|PowerCapacity=1|CargoLevel=0|JobSite=(0, 0, 0)|JobPlane=(0, 0, 0, 0)|1781389310435
105047169007880268|BC9-1||INFO|Id=105047169007880268|Name=BC9-1|State=IDLE|WorldPosition=(-37909.5891937253, -39172.1258130097, -28348.158267899)|WorldVelocity=(0, 0, 0)|WorldAcceleration=(0, 0, 0)|HydrogenLiters=1500000|PowerMegawatts=1|HydrogenCapacity=1|PowerCapacity=1|CargoLevel=0|JobSite=(0, 0, 0)|JobPlane=(0, 0, 0, 0)|1781389310435
105047169007880268|BC9-1||INFO|Id=105047169007880268|Name=BC9-1|State=IDLE|WorldPosition=(-37909.5891937253, -39172.1258130097, -28348.158267899)|WorldVelocity=(0, 0, 0)|WorldAcceleration=(0, 0, 0)|HydrogenLiters=1500000|PowerMegawatts=1|HydrogenCapacity=1|PowerCapacity=1|CargoLevel=0|JobSite=(0, 0, 0)|JobPlane=(0, 0, 0, 0)|1781389310435
105047169007880268|BC9-1||INFO|Id=105047169007880268|Name=BC9-1|State=IDLE|WorldPosition=(-37909.5891937253, -39172.1258130097, -28348.158267899)|WorldVelocity=(0, 0, 0)|WorldAcceleration=(0, 0, 0)|HydrogenLiters=1500000|PowerMegawatts=1|HydrogenCapacity=1|PowerCapacity=1|CargoLevel=0|JobSite=(0, 0, 0)|JobPlane=(0, 0, 0, 0)|1781389310435
105047169007880268|BC9-1||INFO|Id=105047169007880268|Name=BC9-1|State=IDLE|WorldPosition=(-37909.5891937253, -39172.1258130097, -28348.158267899)|WorldVelocity=(0, 0, 0)|WorldAcceleration=(0, 0, 0)|HydrogenLiters=1500000|PowerMegawatts=1|HydrogenCapacity=1|PowerCapacity=1|CargoLevel=0|JobSite=(0, 0, 0)|JobPlane=(0, 0, 0, 0)|1781389310435
105047169007880268|BC9-1||INFO|Id=105047169007880268|Name=BC9-1|State=IDLE|WorldPosition=(-37909.5891937253, -39172.1258130097, -28348.158267899)|WorldVelocity=(0, 0, 0)|WorldAcceleration=(0, 0, 0)|HydrogenLiters=1500000|PowerMegawatts=1|HydrogenCapacity=1|PowerCapacity=1|CargoLevel=0|JobSite=(0, 0, 0)|JobPlane=(0, 0, 0, 0)|1781389310435
105047169007880268|BC9-1||INFO|Id=105047169007880268|Name=BC9-1|State=IDLE|WorldPosition=(-37909.5891937253, -39172.1258130097, -28348.158267899)|WorldVelocity=(0, 0, 0)|WorldAcceleration=(0, 0, 0)|HydrogenLiters=1500000|PowerMegawatts=1|HydrogenCapacity=1|PowerCapacity=1|CargoLevel=0|JobSite=(0, 0, 0)|JobPlane=(0, 0, 0, 0)|1781389310435
105047169007880268|BC9-1||INFO|Id=105047169007880268|Name=BC9-1|State=IDLE|WorldPosition=(-37909.5891937253, -39172.1258130097, -28348.158267899)|WorldVelocity=(0, 0, 0)|WorldAcceleration=(0, 0, 0)|HydrogenLiters=1500000|PowerMegawatts=1|HydrogenCapacity=1|PowerCapacity=1|CargoLevel=0|JobSite=(0, 0, 0)|JobPlane=(0, 0, 0, 0)|1781389312104
105047169007880268|BC9-1||INFO|Id=105047169007880268|Name=BC9-1|State=IDLE|WorldPosition=(-37909.5891937253, -39172.1258130097, -28348.158267899)|WorldVelocity=(0, 0, 0)|WorldAcceleration=(0, 0, 0)|HydrogenLiters=1500000|PowerMegawatts=1|HydrogenCapacity=1|PowerCapacity=1|CargoLevel=0|JobSite=(0, 0, 0)|JobPlane=(0, 0, 0, 0)|1781389312104
105047169007880268|BC9-1||INFO|Id=105047169007880268|Name=BC9-1|State=IDLE|WorldPosition=(-37909.5891937253, -39172.1258130097, -28348.158267899)|WorldVelocity=(0, 0, 0)|WorldAcceleration=(0, 0, 0)|HydrogenLiters=1500000|PowerMegawatts=1|HydrogenCapacity=1|PowerCapacity=1|CargoLevel=0|JobSite=(0, 0, 0)|JobPlane=(0, 0, 0, 0)|1781389312104
105047169007880268|BC9-1||INFO|Id=105047169007880268|Name=BC9-1|State=IDLE|WorldPosition=(-37909.5891937253, -39172.1258130097, -28348.158267899)|WorldVelocity=(0, 0, 0)|WorldAcceleration=(0, 0, 0)|HydrogenLiters=1500000|PowerMegawatts=1|HydrogenCapacity=1|PowerCapacity=1|CargoLevel=0|JobSite=(0, 0, 0)|JobPlane=(0, 0, 0, 0)|1781389312104
105047169007880268|BC9-1||INFO|Id=105047169007880268|Name=BC9-1|State=IDLE|WorldPosition=(-37909.5891937253, -39172.1258130097, -28348.158267899)|WorldVelocity=(0, 0, 0)|WorldAcceleration=(0, 0, 0)|HydrogenLiters=1500000|PowerMegawatts=1|HydrogenCapacity=1|PowerCapacity=1|CargoLevel=0|JobSite=(0, 0, 0)|JobPlane=(0, 0, 0, 0)|1781389312104
105047169007880268|BC9-1||INFO|Id=105047169007880268|Name=BC9-1|State=IDLE|WorldPosition=(-37909.5891937253, -39172.1258130097, -28348.158267899)|WorldVelocity=(0, 0, 0)|WorldAcceleration=(0, 0, 0)|HydrogenLiters=1500000|PowerMegawatts=1|HydrogenCapacity=1|PowerCapacity=1|CargoLevel=0|JobSite=(0, 0, 0)|JobPlane=(0, 0, 0, 0)|1781389312104
105047169007880268|BC9-1||INFO|Id=105047169007880268|Name=BC9-1|State=IDLE|WorldPosition=(-37909.5891937253, -39172.1258130097, -28348.158267899)|WorldVelocity=(0, 0, 0)|WorldAcceleration=(0, 0, 0)|HydrogenLiters=1500000|PowerMegawatts=1|HydrogenCapacity=1|PowerCapacity=1|CargoLevel=0|JobSite=(0, 0, 0)|JobPlane=(0, 0, 0, 0)|1781389312104
105047169007880268|BC9-1||INFO|Id=105047169007880268|Name=BC9-1|State=IDLE|WorldPosition=(-37909.5891937253, -39172.1258130097, -28348.158267899)|WorldVelocity=(0, 0, 0)|WorldAcceleration=(0, 0, 0)|HydrogenLiters=1500000|PowerMegawatts=1|HydrogenCapacity=1|PowerCapacity=1|CargoLevel=0|JobSite=(0, 0, 0)|JobPlane=(0, 0, 0, 0)|1781389312104
105047169007880268|BC9-1||INFO|Id=105047169007880268|Name=BC9-1|State=IDLE|WorldPosition=(-37909.5891937253, -39172.1258130097, -28348.158267899)|WorldVelocity=(0, 0, 0)|WorldAcceleration=(0, 0, 0)|HydrogenLiters=1500000|PowerMegawatts=1|HydrogenCapacity=1|PowerCapacity=1|CargoLevel=0|JobSite=(0, 0, 0)|JobPlane=(0, 0, 0, 0)|1781389312104
105047169007880268|BC9-1||INFO|Id=105047169007880268|Name=BC9-1|State=IDLE|WorldPosition=(-37909.5891937253, -39172.1258130097, -28348.158267899)|WorldVelocity=(0, 0, 0)|WorldAcceleration=(0, 0, 0)|HydrogenLiters=1500000|PowerMegawatts=1|HydrogenCapacity=1|PowerCapacity=1|CargoLevel=0|JobSite=(0, 0, 0)|JobPlane=(0, 0, 0, 0)|1781389312104
